,Cement-to-cm,Cement type (MPa),Fly ash-to-cm,Slag-to-cm,Silica fume-to-cm,Metakaolin-to-cm,Nano silica-to-cm,Limestone-to-cm,Quartz powder-to-cm,Sand-to-cm,Maximum aggregate size (mm),Water-to-cm,Superplasticizer-to-cm,Steel fiber volume (%),Aspect ratio of fibers,Mini-slump spread (mm)
count,152.0,152.0,152.0,152.0,152.0,152.0,152.0,152.0,152.0,152.0,152.0,152.0,152.0,152.0,152.0,152.0
mean,0.7078881578947368,50.26315789473684,0.035526315789473684,0.06275657894736841,0.18305263157894738,0.005776315789473684,0.005131578947368421,0.03039473684210526,1.0781184210526316,1.0465131578947369,0.10925657894736841,0.19057894736842104,0.023710526315789474,1.0073684210526317,32.92025,232.6048552631579
std,0.15438939972113705,4.1809039899978195,0.08904801497937576,0.13747124909337116,0.08240521663176593,0.03218822897193851,0.014129807022639718,0.12259885363457983,0.22038061399010564,0.7417513371631614,0.1283684936232653,0.02707202224231879,0.011403282656774589,1.0145006515405977,32.47888270152989,63.671091625115714
min,0.28,42.5,0.0,0.0,0.0,0.0,0.0,0.0,0.264,0.11,0.0,0.131,0.002,0.0,0.0,100.82
25%,0.656,52.5,0.0,0.0,0.123,0.0,0.0,0.0,0.97,0.6,0.0,0.172,0.02,0.0,0.0,183.05725
50%,0.758,52.5,0.0,0.0,0.2,0.0,0.0,0.0,1.0314999999999999,0.6,0.0,0.19,0.023,1.0,45.0,211.0
75%,0.8,52.5,0.0,0.0,0.25,0.0,0.0,0.0,1.227,1.25,0.22525,0.2,0.026,2.0,65.0,283.284
max,0.909,52.5,0.45,0.52,0.333,0.286,0.056,1.088,1.63,2.36,0.379,0.286,0.058,3.0,80.0,382.675
