,Cement-to-cm³,Cement type (MPa),Fly ash-to-cm,Slag-to-cm,Silica fume-to-cm,Metakaolin-to-cm ,Nano silica-to-cm,Limestone-to-cm,Quartz powder-to-cm,Sand-to-cm,Maximum aggregate size (mm),Water-to-cm,Superplasticizer-to-cm,Steel fiber volume (%),Aspect ratio of fibers,Size of specimen (mm),28-day compressive strength (MPa)
count,379.0,379.0,379.0,379.0,379.0,379.0,379.0,379.0,379.0,379.0,379.0,379.0,379.0,379.0,379.0,379.0,379.0
mean,0.7515781124881267,48.83509234828496,0.04872256841424802,0.028469421174142483,0.15837736615831136,0.00898998573878628,0.0038625461055408973,0.01855465658575198,0.07780163565963061,1.013845442817942,2.2326121372031666,0.18927667933245385,0.0266584244591029,1.0529955108258573,37.792523805751976,48.93588390501319,139.06756951831136
std,0.1350063215059569,4.822358440701257,0.10967766212727255,0.09439085211628488,0.08158078710813359,0.03697628575429394,0.013872492691454626,0.09144151518840406,0.1271366600157357,0.4221983082337572,1.783399393513279,0.028234406553061003,0.02016803116971943,1.4408254158368443,53.51850587022079,17.040711598874346,32.92554589729571
min,0.173913043,42.5,0.0,0.0,0.0,0.0,0.0,0.0,0.0,0.0,0.075,0.098414795,0.0,0.0,0.0,40.0,57.01190714
25%,0.7388573925,42.5,0.0,0.0,0.1,0.0,0.0,0.0,0.0,0.8796297,0.6,0.169685415,0.018535681,0.0,0.0,40.0,116.18080810000001
50%,0.79338843,52.5,0.0,0.0,0.180327869,0.0,0.0,0.0,0.0,1.0,2.0,0.191666667,0.023142857,0.002564103,37.5,40.0,141.4679598
75%,0.8223879325000001,52.5,0.0,0.0,0.2129519855,0.0,0.0,0.0,0.1960384705,1.2242326255,5.0,0.2,0.030797101,2.0,65.0,50.0,161.0369231
max,1.0,52.5,0.502805836,0.695652174,0.333333333,0.285751162,0.171875,1.088218715,0.789473684,2.071667463,5.0,0.28576057,0.238402062,6.558363418,400.0,110.0,217.0
