,Cement,Slag,Fly ash,Water,SP,Coarse Aggr.,Fine Aggr.,SLUMP(cm),FLOW(cm),Compressive Strength (28-day)(Mpa)
count,103.0,103.0,103.0,103.0,103.0,103.0,103.0,103.0,103.0,103.0
mean,229.89417475728155,77.97378640776698,149.01456310679612,197.16796116504858,8.539805825242718,883.9786407766987,739.6048543689323,18.04854368932039,49.61067961165048,36.03941747572816
std,78.87723002688581,60.46136338996614,85.41807955724845,20.208157999282548,2.8075297845861362,88.3913930359754,63.342117108078135,8.750844374695014,17.56861011287762,7.838231821572466
min,137.0,0.0,0.0,160.0,4.4,708.0,640.6,0.0,20.0,17.19
25%,152.0,0.05,115.5,180.0,6.0,819.5,684.5,14.5,38.5,30.9
50%,248.0,100.0,164.0,196.0,8.0,879.0,742.7,21.5,54.0,35.52
75%,303.9,125.0,235.95,209.5,10.0,952.8,788.0,24.0,63.75,41.205
max,374.0,193.0,260.0,240.0,19.0,1049.9,902.0,29.0,78.0,58.53
