,concrete(kg/m³),Fly Ash (kg/m³),Silica Fume (kg/m³),Coarse Aggregate (kg/m³),Fine Aggregate (kg/m³),Water (kg/m³),Water Reducer (kg/m³),Fiber Diameter (mm),Fiber Length (mm),Fiber Content (%),Splitting Tensile Strength (MPa)
count,267.0,267.0,267.0,267.0,267.0,267.0,267.0,267.0,267.0,267.0,267.0
mean,402.5447191011236,45.7174531835206,16.429213483146068,1079.5046441947566,697.8294382022472,177.6067415730337,3.3378651685393264,0.01593033707865168,16.749063670411985,0.12659176029962546,4.348101123595505
std,73.91999961485324,56.47032609103372,31.284398339336047,161.98689779747494,88.4522154207631,29.875915556183095,2.2426252432700693,0.002699390260908502,6.376704332376359,0.10633679121044987,1.7398229625060688
min,217.0,0.0,0.0,512.0,507.0,125.0,0.0,0.013,6.0,0.0,2.2
25%,353.5,0.0,0.0,998.0,633.0,160.0,2.4,0.015,12.0,0.05,3.1825
50%,402.0,0.0,0.0,1125.0,688.0,179.0,4.0,0.015,18.0,0.1,3.724
75%,450.0,86.0,20.0,1180.0,781.0,188.0,4.81,0.0155,20.0,0.2,4.885
max,613.33,168.0,126.0,1540.0,875.0,301.0,8.36,0.03,30.0,0.5,9.8
