,Cement-to-cm,Cement type (MPa),Fly ash-to-cm,Slag-to-cm,Silica fume-to-cm,Metakaolin-to-cm,Nano silica-to-cm,Limestone-to-cm,Quartz powder-to-cm,Sand-to-cm,Maximum aggregate size (mm),Water-to-cm,Superplasticizer-to-cm,Steel fiber volume (%),Aspect ratio of fibers,Length of specimen (mm),28-day flexural strength (MPa)
count,146.0,146.0,146.0,146.0,146.0,146.0,146.0,146.0,146.0,146.0,146.0,146.0,146.0,146.0,146.0,146.0,146.0
mean,0.7279223441369863,47.91095890410959,0.07868018620547944,0.04355575332191781,0.12077166815753425,0.022304431636986304,0.006765616746575342,0.017612170746575347,1.171914250349315,1.7449999999999999,0.02694297243835617,0.191830680369863,0.026368322986301374,1.1553193420342465,36.57452707130137,176.5068493150685,24.265203306315065
std,0.16575855424150707,5.000236177700232,0.12479548871956728,0.10768032841850869,0.09246363976495724,0.055837729907373526,0.01579150692937687,0.08536772546532233,0.3053239699024086,1.0494663668609925,0.0810391477212205,0.032423129439231396,0.014422570665181478,1.0622150186871626,33.61126803974963,57.96065806905426,7.63708223666712
min,0.300189394,42.5,0.0,0.0,0.0,0.0,0.0,0.0,0.79338843,0.1,0.0,0.13553719,0.006817257,0.0,0.0,100.0,7.729257642
25%,0.655652174,42.5,0.0,0.0,0.045709537,0.0,0.0,0.0,1.0,0.95,0.0,0.16443540625,0.0185228095,0.0,0.0,160.0,18.2281695675
50%,0.79338843,52.5,0.0,0.0,0.1,0.0,0.0,0.0,1.008205128,2.0,0.0,0.1808081575,0.020019066,1.5,62.5,160.0,23.506872975
75%,0.833333333,52.5,0.166666667,0.0,0.2,0.0,0.0,0.0,1.38071888625,2.36,0.0,0.20003356475,0.033333333,2.0,65.0,160.0,29.924749165
max,1.0,52.5,0.449810606,0.449810606,0.250234302,0.285751162,0.055548494,0.428640855,2.071667463,5.0,0.319796954,0.28576057,0.071508202,4.0,81.25,400.0,41.93141946
