Feature,Importance
X1,0.8629083
X7,0.07040357
X4,0.026114276
X3,0.020244028
X8,0.01153951
X6,0.008790348
X2,0.0
X5,0.0
