,Cement-to-cm,Cement type (MPa),Fly ash-to-cm,Slag-to-cm,Silica fume-to-cm,Metakaolin-to-cm,Nano silica-to-cm,Limestone-to-cm,Quartz powder-to-cm,Sand-to-cm,Maximum aggregate size (mm),Water-to-cm,Superplasticizer-to-cm,Steel fiber volume (%),Aspect ratio of fibers,28-day porosity (%)
count,108.0,108.0,108.0,108.0,108.0,108.0,108.0,108.0,108.0,108.0,108.0,108.0,108.0,108.0,108.0,108.0
mean,0.8798155527592593,51.94444444444444,0.01121207874074074,0.027441539796296297,0.05242702908333334,0.008928571370370371,0.020175228314814816,0.2850164204259259,1.4883069792962966,2.887129629629629,0.04997116960185187,0.27204477581481473,0.05186200153703703,1.25,32.52880658425925,11.274814814814818
std,0.12847979366398007,2.3012931485934707,0.05411196743206815,0.10402532443433771,0.06592507142258809,0.0383012331750583,0.021482177206324234,0.41762841382601695,0.6591387129616657,4.017969229685895,0.11033267341443247,0.09464902532507051,0.024864854969204892,1.7335340166595772,29.946827499580635,4.70022697433281
min,0.173913043,42.5,0.0,0.0,0.0,0.0,0.0,0.0,0.0,0.5,0.0,0.130567261,0.006511506,0.0,0.0,2.35
25%,0.84563361875,52.5,0.0,0.0,0.0,0.0,0.0,0.0,0.9283182642500001,1.0,0.0,0.209952213,0.026845638,0.0,0.0,8.377500000000001
50%,0.900011939,52.5,0.0,0.0,0.0,0.0,0.01992162,0.374946436,1.4501143774999998,2.0,0.0,0.2757867625,0.0500220885,0.5,13.0,10.82
75%,0.96015676,52.5,0.0,0.0,0.1,0.0,0.03984324,0.428641411,1.908393207,2.0,0.0,0.328543436,0.074951012,2.0,65.0,16.7625
max,1.0,52.5,0.300034056,0.695652174,0.211618257,0.285751162,0.062419654,3.564509726,3.714966256,16.0,0.400227531,0.899960302,0.099886234,7.6,72.22222222,17.66
