,cement,blast_furnace_slag,fly_ash,water,superplasticizer,coarse_aggregate,fine_aggregate ,age,concrete_compressive_strength
count,1030.0,1030.0,1030.0,1030.0,1030.0,1030.0,1030.0,1030.0,1030.0
mean,281.16786407766995,73.89582524271846,54.18834951456311,181.56728155339806,6.204660194174758,972.9189320388349,773.5804854368932,45.662135922330094,35.817961165048544
std,104.50636449481543,86.27934174810551,63.99700415268812,21.354218565032525,5.973841392485506,77.75395396672091,80.17598014240434,63.169911581033155,16.705741961912505
min,102.0,0.0,0.0,121.8,0.0,801.0,594.0,1.0,2.33
25%,192.375,0.0,0.0,164.9,0.0,932.0,730.95,7.0,23.71
50%,272.9,22.0,0.0,185.0,6.4,968.0,779.5,28.0,34.445
75%,350.0,142.95,118.3,192.0,10.2,1029.4,824.0,56.0,46.135000000000005
max,540.0,359.4,200.1,247.0,32.2,1145.0,992.6,365.0,82.6
