Feature,Importance
X1,0.87962985
X7,0.10698319
X3,0.011852112
X8,0.0008349833
X6,0.0005233726
X4,0.00017648729
X2,0.0
X5,0.0
